"","Variable","Variable_Group","Taxa","Module"
"1","OTU8","Fungal_Taxa","Dichotomopilus;OTU8","Large Module 2"
"2","OTU13","Fungal_Taxa","Chaetomiaceae_gen_Incertae_sedis;OTU13","Large Module 1"
"3","OTU13","Fungal_Taxa","Chaetomiaceae_gen_Incertae_sedis;OTU13","Large Module 1"
"4","OTU15","Fungal_Taxa","Sporobolomyces;OTU15","Large Module 2"
"5","OTU15","Fungal_Taxa","Sporobolomyces;OTU15","Large Module 2"
"6","OTU24","Fungal_Taxa","Hirsutella;OTU24","Large Module 1"
"7","OTU68","Fungal_Taxa","Rhizophydiales_gen_Incertae_sedis;OTU68","Large Module 2"
"8","OTU72","Fungal_Taxa","Rozellomycota_gen_Incertae_sedis;OTU72","Large Module 1"
"9","OTU72","Fungal_Taxa","Rozellomycota_gen_Incertae_sedis;OTU72","Large Module 1"
"10","OTU74","Fungal_Taxa","Glomus;OTU74","Large Module 1"
"11","OTU74","Fungal_Taxa","Glomus;OTU74","Large Module 1"
"12","OTU75","Fungal_Taxa","Glomus;OTU75","Large Module 1"
"13","OTU90","Fungal_Taxa","Mortierella;OTU90","Large Module 2"
"14","OTU91","Fungal_Taxa","Mortierella;OTU91","Large Module 2"
"15","OTU99","Fungal_Taxa","Pyrenochaeta;OTU99","Large Module 2"
"16","OTU99","Fungal_Taxa","Pyrenochaeta;OTU99","Large Module 2"
"17","OTU102","Fungal_Taxa","Pezizales_gen_Incertae_sedis;OTU102","Large Module 1"
"18","OTU120","Fungal_Taxa","Betamyces;OTU120","Large Module 1"
"19","OTU120","Fungal_Taxa","Betamyces;OTU120","Large Module 1"
"20","OTU137","Fungal_Taxa","Lecythophora;OTU137","Large Module 1"
"21","OTU137","Fungal_Taxa","Lecythophora;OTU137","Large Module 1"
"22","OTU142","Fungal_Taxa","Coniochaeta;OTU142","Large Module 1"
"23","OTU148","Fungal_Taxa","Sclerostagonospora;OTU148","Large Module 1"
"24","OTU148","Fungal_Taxa","Sclerostagonospora;OTU148","Large Module 1"
"25","OTU149","Fungal_Taxa","Talaromyces;OTU149","Large Module 2"
"26","OTU177","Fungal_Taxa","Onygenales_gen_Incertae_sedis;OTU177","Large Module 1"
"27","OTU178","Fungal_Taxa","Xylariales_gen_Incertae_sedis;OTU178","Large Module 2"
"28","OTU194","Fungal_Taxa","Sporormiella;OTU194","Large Module 1"
"29","OTU194","Fungal_Taxa","Sporormiella;OTU194","Large Module 1"
"30","OTU195","Fungal_Taxa","Preussia;OTU195","Large Module 2"
"31","OTU197","Fungal_Taxa","Sporormiaceae_gen_Incertae_sedis;OTU197","Large Module 1"
"32","OTU197","Fungal_Taxa","Sporormiaceae_gen_Incertae_sedis;OTU197","Large Module 1"
"33","OTU198","Fungal_Taxa","Gymnoascus;OTU198","Large Module 2"
"34","OTU205","Fungal_Taxa","Leucothecium;OTU205","Large Module 2"
"35","OTU207","Fungal_Taxa","Aaosphaeria;OTU207","Large Module 1"
"36","OTU207","Fungal_Taxa","Aaosphaeria;OTU207","Large Module 1"
"37","OTU208","Fungal_Taxa","Rozellomycota_gen_Incertae_sedis;OTU208","Large Module 1"
"38","OTU208","Fungal_Taxa","Rozellomycota_gen_Incertae_sedis;OTU208","Large Module 1"
"39","OTU245","Fungal_Taxa","Gibellulopsis;OTU245","Large Module 1"
"40","OTU245","Fungal_Taxa","Gibellulopsis;OTU245","Large Module 1"
"41","OTU263","Fungal_Taxa","Plenodomus;OTU263","Large Module 1"
"42","OTU276","Fungal_Taxa","Monographella;OTU276","Large Module 2"
"43","OTU291","Fungal_Taxa","Ascomycota_gen_Incertae_sedis;OTU291","Large Module 1"
"44","OTU292","Fungal_Taxa","Periconia;OTU292","Large Module 1"
"45","OTU292","Fungal_Taxa","Periconia;OTU292","Large Module 1"
"46","OTU297","Fungal_Taxa","Onygenales_gen_Incertae_sedis;OTU297","Large Module 2"
"47","OTU310","Fungal_Taxa","Lobulomycetales_gen_Incertae_sedis;OTU310","Large Module 1"
"48","OTU327","Fungal_Taxa","Thelebolaceae_gen_Incertae_sedis;OTU327","Large Module 2"
"49","OTU327","Fungal_Taxa","Thelebolaceae_gen_Incertae_sedis;OTU327","Large Module 2"
"50","OTU342","Fungal_Taxa","Cephalotrichiella;OTU342","Large Module 2"
"51","OTU349","Fungal_Taxa","Articulospora;OTU349","Large Module 1"
"52","OTU349","Fungal_Taxa","Articulospora;OTU349","Large Module 1"
"53","OTU354","Fungal_Taxa","Trichoderma;OTU354","Large Module 1"
"54","OTU354","Fungal_Taxa","Trichoderma;OTU354","Large Module 1"
"55","OTU365","Fungal_Taxa","Sordariales_gen_Incertae_sedis;OTU365","Large Module 2"
"56","OTU365","Fungal_Taxa","Sordariales_gen_Incertae_sedis;OTU365","Large Module 2"
"57","OTU370","Fungal_Taxa","Claroideoglomus;OTU370","Large Module 2"
"58","OTU382","Fungal_Taxa","Schizothecium;OTU382","Large Module 2"
"59","OTU382","Fungal_Taxa","Schizothecium;OTU382","Large Module 2"
"60","OTU390","Fungal_Taxa","Sordariales_gen_Incertae_sedis;OTU390","Large Module 2"
"61","OTU390","Fungal_Taxa","Sordariales_gen_Incertae_sedis;OTU390","Large Module 2"
"62","OTU392","Fungal_Taxa","Neoschizothecium;OTU392","Large Module 1"
"63","OTU392","Fungal_Taxa","Neoschizothecium;OTU392","Large Module 1"
"64","OTU396","Fungal_Taxa","Hypocreales_gen_Incertae_sedis;OTU396","Large Module 2"
"65","OTU400","Fungal_Taxa","Sordariales_gen_Incertae_sedis;OTU400","Large Module 1"
"66","OTU400","Fungal_Taxa","Sordariales_gen_Incertae_sedis;OTU400","Large Module 1"
"67","OTU404","Fungal_Taxa","Nectriaceae_gen_Incertae_sedis;OTU404","Large Module 2"
"68","OTU404","Fungal_Taxa","Nectriaceae_gen_Incertae_sedis;OTU404","Large Module 2"
"69","OTU411","Fungal_Taxa","Hypocreales_gen_Incertae_sedis;OTU411","Large Module 1"
"70","OTU412","Fungal_Taxa","Hypocreales_gen_Incertae_sedis;OTU412","Large Module 2"
"71","OTU412","Fungal_Taxa","Hypocreales_gen_Incertae_sedis;OTU412","Large Module 2"
"72","OTU413","Fungal_Taxa","Hypocreales_gen_Incertae_sedis;OTU413","Large Module 1"
"73","OTU413","Fungal_Taxa","Hypocreales_gen_Incertae_sedis;OTU413","Large Module 1"
"74","OTU417","Fungal_Taxa","Valsonectria;OTU417","Large Module 1"
"75","OTU426","Fungal_Taxa","Sordariales_gen_Incertae_sedis;OTU426","Large Module 1"
"76","OTU435","Fungal_Taxa","Glomeraceae_gen_Incertae_sedis;OTU435","Large Module 1"
"77","OTU435","Fungal_Taxa","Glomeraceae_gen_Incertae_sedis;OTU435","Large Module 1"
"78","OTU459","Fungal_Taxa","Hypholoma;OTU459","Large Module 1"
"79","OTU479","Fungal_Taxa","Hypocreales_gen_Incertae_sedis;OTU479","Large Module 1"
"80","OTU507","Fungal_Taxa","Pyrenochaetopsis;OTU507","Large Module 1"
"81","OTU507","Fungal_Taxa","Pyrenochaetopsis;OTU507","Large Module 1"
"82","OTU515","Fungal_Taxa","Pleosporales_gen_Incertae_sedis;OTU515","Large Module 1"
"83","OTU525","Fungal_Taxa","Vishniacozyma;OTU525","Large Module 2"
"84","OTU529","Fungal_Taxa","Ramophialophora;OTU529","Large Module 2"
"85","OTU529","Fungal_Taxa","Ramophialophora;OTU529","Large Module 2"
"86","OTU532","Fungal_Taxa","Hypocreales_gen_Incertae_sedis;OTU532","Large Module 1"
"87","OTU532","Fungal_Taxa","Hypocreales_gen_Incertae_sedis;OTU532","Large Module 1"
"88","OTU535","Fungal_Taxa","Hypocreaceae_gen_Incertae_sedis;OTU535","Large Module 2"
"89","OTU537","Fungal_Taxa","Ceratobasidiaceae_gen_Incertae_sedis;OTU537","Large Module 1"
"90","OTU537","Fungal_Taxa","Ceratobasidiaceae_gen_Incertae_sedis;OTU537","Large Module 1"
"91","OTU539","Fungal_Taxa","Actinomucor;OTU539","Large Module 1"
"92","OTU540","Fungal_Taxa","Actinomucor;OTU540","Large Module 1"
"93","OTU550","Fungal_Taxa","Typhula;OTU550","Large Module 1"
"94","OTU552","Fungal_Taxa","Agaricomycetes_gen_Incertae_sedis;OTU552","Large Module 2"
"95","OTU552","Fungal_Taxa","Agaricomycetes_gen_Incertae_sedis;OTU552","Large Module 2"
"96","OTU567","Fungal_Taxa","Cheilymenia;OTU567","Large Module 2"
"97","OTU567","Fungal_Taxa","Cheilymenia;OTU567","Large Module 2"
"98","OTU579","Fungal_Taxa","Halosphaeriaceae_gen_Incertae_sedis;OTU579","Large Module 2"
"99","OTU595","Fungal_Taxa","Ascomycota_gen_Incertae_sedis;OTU595","Large Module 1"
"100","OTU595","Fungal_Taxa","Ascomycota_gen_Incertae_sedis;OTU595","Large Module 1"
"101","OTU596","Fungal_Taxa","Magnaporthales_gen_Incertae_sedis;OTU596","Large Module 1"
"102","OTU609","Fungal_Taxa","Ceratobasidium;OTU609","Large Module 1"
"103","OTU609","Fungal_Taxa","Ceratobasidium;OTU609","Large Module 1"
"104","OTU625","Fungal_Taxa","Mucor;OTU625","Large Module 2"
"105","OTU625","Fungal_Taxa","Mucor;OTU625","Large Module 2"
"106","OTU641","Fungal_Taxa","Absidia;OTU641","Large Module 1"
"107","OTU659","Fungal_Taxa","Chytridiomycota_gen_Incertae_sedis;OTU659","Large Module 2"
"108","OTU661","Fungal_Taxa","Rhizophlyctis;OTU661","Large Module 1"
"109","OTU661","Fungal_Taxa","Rhizophlyctis;OTU661","Large Module 1"
"110","OTU682","Fungal_Taxa","Tausonia;OTU682","Large Module 1"
"111","OTU687","Fungal_Taxa","Exophiala;OTU687","Large Module 2"
"112","OTU693","Fungal_Taxa","Stachybotryaceae_gen_Incertae_sedis;OTU693","Large Module 2"
"113","OTU696","Fungal_Taxa","Albifimbria;OTU696","Large Module 1"
"114","OTU696","Fungal_Taxa","Albifimbria;OTU696","Large Module 1"
"115","OTU703","Fungal_Taxa","Paramicrothyrium;OTU703","Large Module 1"
"116","OTU703","Fungal_Taxa","Paramicrothyrium;OTU703","Large Module 1"
"117","OTU713","Fungal_Taxa","Clonostachys;OTU713","Large Module 2"
"118","OTU727","Fungal_Taxa","Tetracladium;OTU727","Large Module 1"
"119","OTU727","Fungal_Taxa","Tetracladium;OTU727","Large Module 1"
"120","OTU735","Fungal_Taxa","Ambispora;OTU735","Large Module 2"
"121","OTU740","Fungal_Taxa","Fusarium;OTU740","Large Module 2"
"122","OTU749","Fungal_Taxa","Lophiotrema;OTU749","Large Module 1"
"123","OTU750","Fungal_Taxa","Alternaria;OTU750","Large Module 2"
"124","OTU750","Fungal_Taxa","Alternaria;OTU750","Large Module 2"
"125","OTU786","Fungal_Taxa","Neosetophoma;OTU786","Large Module 1"
"126","OTU786","Fungal_Taxa","Neosetophoma;OTU786","Large Module 1"
"127","OTU789","Fungal_Taxa","Ophiosphaerella;OTU789","Large Module 2"
"128","OTU789","Fungal_Taxa","Ophiosphaerella;OTU789","Large Module 2"
"129","OTU797","Fungal_Taxa","Pleosporales_gen_Incertae_sedis;OTU797","Large Module 1"
"130","OTU797","Fungal_Taxa","Pleosporales_gen_Incertae_sedis;OTU797","Large Module 1"
"131","OTU820","Fungal_Taxa","Rhizophydiales_gen_Incertae_sedis;OTU820","Large Module 2"
"132","OTU824","Fungal_Taxa","Agaricomycetes_gen_Incertae_sedis;OTU824","Large Module 2"
"133","OTU829","Fungal_Taxa","Spizellomyces;OTU829","Large Module 1"
"134","OTU829","Fungal_Taxa","Spizellomyces;OTU829","Large Module 1"
"135","OTU852","Fungal_Taxa","Chrysozymaceae_gen_Incertae_sedis;OTU852","Large Module 2"
"136","OTU852","Fungal_Taxa","Chrysozymaceae_gen_Incertae_sedis;OTU852","Large Module 2"
"137","OTU864","Fungal_Taxa","Penicillium;OTU864","Large Module 2"
"138","OTU864","Fungal_Taxa","Penicillium;OTU864","Large Module 2"
"139","OTU879","Fungal_Taxa","Panaeolus;OTU879","Large Module 1"
"140","OTU879","Fungal_Taxa","Panaeolus;OTU879","Large Module 1"
"141","OTU905","Fungal_Taxa","Clitocybe;OTU905","Large Module 1"
"142","OTU933","Fungal_Taxa","Operculomyces;OTU933","Large Module 2"
"143","OTU937","Fungal_Taxa","Entoloma;OTU937","Large Module 2"
"144","OTU937","Fungal_Taxa","Entoloma;OTU937","Large Module 2"
"145","OTU939","Fungal_Taxa","Lobulomycetales_gen_Incertae_sedis;OTU939","Large Module 1"
"146","OTU939","Fungal_Taxa","Lobulomycetales_gen_Incertae_sedis;OTU939","Large Module 1"
"147","OTU967","Fungal_Taxa","Ascomycota_gen_Incertae_sedis;OTU967","Large Module 1"
"148","OTU983","Fungal_Taxa","Conocybe;OTU983","Large Module 1"
"149","OTU998","Fungal_Taxa","Piptocephalis;OTU998","Large Module 2"
"150","OTU998","Fungal_Taxa","Piptocephalis;OTU998","Large Module 2"
"151","OTU1010","Fungal_Taxa","Fungi_gen_Incertae_sedis;OTU1010","Large Module 1"
"152","OTU1010","Fungal_Taxa","Fungi_gen_Incertae_sedis;OTU1010","Large Module 1"
"153","OTU1024","Fungal_Taxa","Spizellomycetales_gen_Incertae_sedis;OTU1024","Large Module 1"
"154","OTU1029","Fungal_Taxa","Coprinellus;OTU1029","Large Module 1"
"155","OTU1029","Fungal_Taxa","Coprinellus;OTU1029","Large Module 1"
"156","OTU1056","Fungal_Taxa","Ascomycota_gen_Incertae_sedis;OTU1056","Large Module 2"
"157","OTU1056","Fungal_Taxa","Ascomycota_gen_Incertae_sedis;OTU1056","Large Module 2"
"158","OTU1057","Fungal_Taxa","Rhizophlyctis;OTU1057","Large Module 1"
"159","OTU1074","Fungal_Taxa","Spizellomycetales_gen_Incertae_sedis;OTU1074","Large Module 1"
"160","OTU1074","Fungal_Taxa","Spizellomycetales_gen_Incertae_sedis;OTU1074","Large Module 1"
"161","OTU1077","Fungal_Taxa","Psathyrella;OTU1077","Large Module 1"
"162","OTU1090","Fungal_Taxa","Conocybe;OTU1090","Large Module 1"
"163","OTU1090","Fungal_Taxa","Conocybe;OTU1090","Large Module 1"
"164","OTU1098","Fungal_Taxa","Keithomyces;OTU1098","Large Module 1"
"165","OTU1126","Fungal_Taxa","Serendipita;OTU1126","Large Module 1"
"166","OTU1168","Fungal_Taxa","Microbotryomycetes_gen_Incertae_sedis;OTU1168","Large Module 1"
"167","OTU1209","Fungal_Taxa","Endogonomycetes_gen_Incertae_sedis;OTU1209","Large Module 2"
"168","OTU1209","Fungal_Taxa","Endogonomycetes_gen_Incertae_sedis;OTU1209","Large Module 2"
"169","OTU1216","Fungal_Taxa","Rhodotorula;OTU1216","Large Module 1"
"170","OTU1216","Fungal_Taxa","Rhodotorula;OTU1216","Large Module 1"
"171","OTU1218","Fungal_Taxa","Spizellomycetales_gen_Incertae_sedis;OTU1218","Large Module 2"
"172","OTU1225","Fungal_Taxa","Samsoniella;OTU1225","Large Module 2"
"173","OTU1230","Fungal_Taxa","Sistotrema;OTU1230","Large Module 1"
"174","OTU1231","Fungal_Taxa","Sistotrema;OTU1231","Large Module 1"
"175","OTU1281","Fungal_Taxa","Funneliformis;OTU1281","Large Module 1"
"176","OTU1295","Fungal_Taxa","Beauveria;OTU1295","Large Module 1"
"177","OTU1314","Fungal_Taxa","Basidiomycota_gen_Incertae_sedis;OTU1314","Large Module 2"
"178","OTU1317","Fungal_Taxa","Murispora;OTU1317","Large Module 1"
"179","OTU1317","Fungal_Taxa","Murispora;OTU1317","Large Module 1"
"180","OTU1345","Fungal_Taxa","Monosporascus;OTU1345","Large Module 2"
"181","OTU1345","Fungal_Taxa","Monosporascus;OTU1345","Large Module 2"
"182","OTU1352","Fungal_Taxa","Hypocreales_gen_Incertae_sedis;OTU1352","Large Module 2"
"183","OTU1352","Fungal_Taxa","Hypocreales_gen_Incertae_sedis;OTU1352","Large Module 2"
"184","OTU1356","Fungal_Taxa","Rhizophydiaceae_gen_Incertae_sedis;OTU1356","Large Module 1"
"185","OTU1356","Fungal_Taxa","Rhizophydiaceae_gen_Incertae_sedis;OTU1356","Large Module 1"
"186","OTU1366","Fungal_Taxa","Microbotryales_gen_Incertae_sedis;OTU1366","Large Module 2"
"187","OTU1385","Fungal_Taxa","Alternaria;OTU1385","Large Module 1"
"188","OTU1385","Fungal_Taxa","Alternaria;OTU1385","Large Module 1"
"189","OTU1392","Fungal_Taxa","Pezizaceae_gen_Incertae_sedis;OTU1392","Large Module 1"
"190","OTU1396","Fungal_Taxa","Aphanoascus;OTU1396","Large Module 1"
"191","OTU1413","Fungal_Taxa","Ascobolus;OTU1413","Large Module 1"
"192","OTU1446","Fungal_Taxa","Furcasterigmium;OTU1446","Large Module 1"
"193","OTU1450","Fungal_Taxa","Pseudogymnoascus;OTU1450","Large Module 2"
"194","OTU1450","Fungal_Taxa","Pseudogymnoascus;OTU1450","Large Module 2"
"195","OTU1455","Fungal_Taxa","Trichoderma;OTU1455","Large Module 1"
"196","OTU1455","Fungal_Taxa","Trichoderma;OTU1455","Large Module 1"
"197","OTU1459","Fungal_Taxa","Naviculispora;OTU1459","Large Module 1"
"198","OTU1459","Fungal_Taxa","Naviculispora;OTU1459","Large Module 1"
"199","OTU1465","Fungal_Taxa","Mucor;OTU1465","Large Module 2"
"200","OTU1475","Fungal_Taxa","Trichoderma;OTU1475","Large Module 1"
"201","OTU1510","Fungal_Taxa","Preussia;OTU1510","Large Module 2"
"202","OTU1530","Fungal_Taxa","Pseudogymnoascus;OTU1530","Large Module 2"
"203","OTU1538","Fungal_Taxa","Trichoderma;OTU1538","Large Module 1"
"204","OTU1538","Fungal_Taxa","Trichoderma;OTU1538","Large Module 1"
"205","OTU1540","Fungal_Taxa","Trichoderma;OTU1540","Large Module 1"
"206","OTU1540","Fungal_Taxa","Trichoderma;OTU1540","Large Module 1"
"207","OTU1547","Fungal_Taxa","Verticillium;OTU1547","Large Module 1"
"208","OTU1555","Fungal_Taxa","Trichoderma;OTU1555","Large Module 1"
"209","OTU1555","Fungal_Taxa","Trichoderma;OTU1555","Large Module 1"
"210","OTU1559","Fungal_Taxa","Mrakia;OTU1559","Large Module 1"
"211","OTU1559","Fungal_Taxa","Mrakia;OTU1559","Large Module 1"
"212","OTU1563","Fungal_Taxa","Clonostachys;OTU1563","Large Module 1"
"213","OTU1565","Fungal_Taxa","Plectosphaerella;OTU1565","Large Module 1"
"214","OTU1565","Fungal_Taxa","Plectosphaerella;OTU1565","Large Module 1"
"215","OTU1573","Fungal_Taxa","Apiotrichum;OTU1573","Large Module 1"
"216","OTU1573","Fungal_Taxa","Apiotrichum;OTU1573","Large Module 1"
"217","OTU1583","Fungal_Taxa","Myxotrichum;OTU1583","Large Module 2"
"218","OTU1597","Fungal_Taxa","Talaromyces;OTU1597","Large Module 2"
"219","OTU7","Fungal_Taxa","Botryotrichum;OTU7","Large Module 2"
"220","OTU10","Fungal_Taxa","Chaetomium;OTU10","Large Module 2"
"221","OTU21","Fungal_Taxa","Penicillium;OTU21","Large Module 2"
"222","OTU30","Fungal_Taxa","Fusariella;OTU30","Large Module 1"
"223","OTU33","Fungal_Taxa","Acremonium;OTU33","Large Module 2"
"224","OTU43","Fungal_Taxa","Septoglomus;OTU43","Large Module 1"
"225","OTU50","Fungal_Taxa","Podila;OTU50","Large Module 2"
"226","OTU52","Fungal_Taxa","Halosphaeriaceae_gen_Incertae_sedis;OTU52","Large Module 2"
"227","OTU62","Fungal_Taxa","Heterocephalacria;OTU62","Large Module 1"
"228","OTU73","Fungal_Taxa","Rozellomycota_gen_Incertae_sedis;OTU73","Large Module 2"
"229","OTU85","Fungal_Taxa","Linnemannia;OTU85","Large Module 2"
"230","OTU104","Fungal_Taxa","Cyathus;OTU104","Large Module 1"
"231","OTU122","Fungal_Taxa","Betamyces;OTU122","Large Module 1"
"232","OTU125","Fungal_Taxa","Paraglomus;OTU125","Large Module 2"
"233","OTU127","Fungal_Taxa","Paraglomus;OTU127","Large Module 2"
"234","OTU147","Fungal_Taxa","Sclerostagonospora;OTU147","Large Module 1"
"235","OTU153","Fungal_Taxa","Filobasidium;OTU153","Large Module 2"
"236","OTU157","Fungal_Taxa","Glomeraceae_gen_Incertae_sedis;OTU157","Large Module 1"
"237","OTU186","Fungal_Taxa","Trichophaeopsis;OTU186","Large Module 1"
"238","OTU204","Fungal_Taxa","Claroideoglomus;OTU204","Large Module 1"
"239","OTU206","Fungal_Taxa","Xenasmatella;OTU206","Large Module 1"
"240","OTU232","Fungal_Taxa","Ascomycota_gen_Incertae_sedis;OTU232","Large Module 2"
"241","OTU239","Fungal_Taxa","Sordariales_gen_Incertae_sedis;OTU239","Large Module 1"
"242","OTU247","Fungal_Taxa","Brunneochlamydosporium;OTU247","Large Module 2"
"243","OTU267","Fungal_Taxa","Lasiosphaeriaceae_gen_Incertae_sedis;OTU267","Large Module 2"
"244","OTU275","Fungal_Taxa","Ascomycota_gen_Incertae_sedis;OTU275","Large Module 2"
"245","OTU279","Fungal_Taxa","Coniochaeta;OTU279","Large Module 1"
"246","OTU287","Fungal_Taxa","Kurtzmanomyces;OTU287","Large Module 1"
"247","OTU306","Fungal_Taxa","Fusidium;OTU306","Large Module 2"
"248","OTU312","Fungal_Taxa","Ascomycota_gen_Incertae_sedis;OTU312","Large Module 2"
"249","OTU319","Fungal_Taxa","Rhizophagus;OTU319","Large Module 1"
"250","OTU330","Fungal_Taxa","Pseudeurotiaceae_gen_Incertae_sedis;OTU330","Large Module 2"
"251","OTU332","Fungal_Taxa","Pleosporales_gen_Incertae_sedis;OTU332","Large Module 2"
"252","OTU357","Fungal_Taxa","Trichoderma;OTU357","Large Module 1"
"253","OTU363","Fungal_Taxa","Lasiosphaeriaceae_gen_Incertae_sedis;OTU363","Large Module 2"
"254","OTU380","Fungal_Taxa","Sordariales_gen_Incertae_sedis;OTU380","Large Module 2"
"255","OTU386","Fungal_Taxa","Schizothecium;OTU386","Large Module 2"
"256","OTU388","Fungal_Taxa","Schizothecium;OTU388","Large Module 1"
"257","OTU402","Fungal_Taxa","Sordariales_gen_Incertae_sedis;OTU402","Large Module 1"
"258","OTU407","Fungal_Taxa","Hypocreales_gen_Incertae_sedis;OTU407","Large Module 2"
"259","OTU409","Fungal_Taxa","Fusarium;OTU409","Large Module 2"
"260","OTU422","Fungal_Taxa","Dactylonectria;OTU422","Large Module 2"
"261","OTU433","Fungal_Taxa","Glomus;OTU433","Large Module 1"
"262","OTU450","Fungal_Taxa","Magnaporthaceae_gen_Incertae_sedis;OTU450","Large Module 1"
"263","OTU451","Fungal_Taxa","Chalara;OTU451","Large Module 1"
"264","OTU462","Fungal_Taxa","Myrmecridium;OTU462","Large Module 1"
"265","OTU477","Fungal_Taxa","Ascomycota_gen_Incertae_sedis;OTU477","Large Module 2"
"266","OTU487","Fungal_Taxa","Pleotrichocladium;OTU487","Large Module 2"
"267","OTU496","Fungal_Taxa","Papiliotrema;OTU496","Large Module 2"
"268","OTU503","Fungal_Taxa","Pleosporales_gen_Incertae_sedis;OTU503","Large Module 1"
"269","OTU508","Fungal_Taxa","Phialophora;OTU508","Large Module 1"
"270","OTU512","Fungal_Taxa","Lipomyces;OTU512","Large Module 2"
"271","OTU513","Fungal_Taxa","Kockovaella;OTU513","Large Module 1"
"272","OTU533","Fungal_Taxa","Kiflimonium;OTU533","Large Module 2"
"273","OTU536","Fungal_Taxa","Hypocreales_gen_Incertae_sedis;OTU536","Large Module 2"
"274","OTU545","Fungal_Taxa","Pyronemataceae_gen_Incertae_sedis;OTU545","Large Module 1"
"275","OTU591","Fungal_Taxa","Lasiosphaeriaceae_gen_Incertae_sedis;OTU591","Large Module 1"
"276","OTU602","Fungal_Taxa","Mortierella;OTU602","Large Module 2"
"277","OTU604","Fungal_Taxa","Mortierella;OTU604","Large Module 2"
"278","OTU605","Fungal_Taxa","Mortierella;OTU605","Large Module 2"
"279","OTU606","Fungal_Taxa","Mortierella;OTU606","Large Module 2"
"280","OTU619","Fungal_Taxa","Ascomycota_gen_Incertae_sedis;OTU619","Large Module 1"
"281","OTU652","Fungal_Taxa","Lobulomycetales_gen_Incertae_sedis;OTU652","Large Module 1"
"282","OTU655","Fungal_Taxa","Trichoderma;OTU655","Large Module 1"
"283","OTU656","Fungal_Taxa","Olpidiaceae_gen_Incertae_sedis;OTU656","Large Module 1"
"284","OTU665","Fungal_Taxa","Pleosporales_gen_Incertae_sedis;OTU665","Large Module 1"
"285","OTU683","Fungal_Taxa","Cyphellophora;OTU683","Large Module 1"
"286","OTU692","Fungal_Taxa","Stachybotrys;OTU692","Large Module 2"
"287","OTU699","Fungal_Taxa","Paramyrothecium;OTU699","Large Module 2"
"288","OTU715","Fungal_Taxa","Clonostachys;OTU715","Large Module 2"
"289","OTU737","Fungal_Taxa","Fusarium;OTU737","Large Module 2"
"290","OTU742","Fungal_Taxa","Nectriaceae_gen_Incertae_sedis;OTU742","Large Module 2"
"291","OTU748","Fungal_Taxa","Preussia;OTU748","Large Module 2"
"292","OTU768","Fungal_Taxa","Fusarium;OTU768","Large Module 2"
"293","OTU777","Fungal_Taxa","Auricularia;OTU777","Large Module 1"
"294","OTU779","Fungal_Taxa","Auriculariales_gen_Incertae_sedis;OTU779","Large Module 1"
"295","OTU780","Fungal_Taxa","Auricularia;OTU780","Large Module 1"
"296","OTU790","Fungal_Taxa","Pleosporales_gen_Incertae_sedis;OTU790","Large Module 1"
"297","OTU796","Fungal_Taxa","Phaeosphaeria;OTU796","Large Module 1"
"298","OTU815","Fungal_Taxa","Pochonia;OTU815","Large Module 2"
"299","OTU818","Fungal_Taxa","Metacordyceps;OTU818","Large Module 2"
"300","OTU825","Fungal_Taxa","Basidiomycota_gen_Incertae_sedis;OTU825","Large Module 1"
"301","OTU835","Fungal_Taxa","Ramicandelaber;OTU835","Large Module 1"
"302","OTU855","Fungal_Taxa","Spizellomycetales_gen_Incertae_sedis;OTU855","Large Module 1"
"303","OTU888","Fungal_Taxa","Lobulomycetales_gen_Incertae_sedis;OTU888","Large Module 1"
"304","OTU896","Fungal_Taxa","Fungi_gen_Incertae_sedis;OTU896","Large Module 1"
"305","OTU900","Fungal_Taxa","Spizellomyces;OTU900","Large Module 1"
"306","OTU918","Fungal_Taxa","Basidiomycota_gen_Incertae_sedis;OTU918","Large Module 2"
"307","OTU931","Fungal_Taxa","Spizellomyces;OTU931","Large Module 1"
"308","OTU962","Fungal_Taxa","Syncephalis;OTU962","Large Module 1"
"309","OTU968","Fungal_Taxa","Hypocreales_gen_Incertae_sedis;OTU968","Large Module 2"
"310","OTU1001","Fungal_Taxa","Fungi_gen_Incertae_sedis;OTU1001","Large Module 2"
"311","OTU1041","Fungal_Taxa","Mortierella;OTU1041","Large Module 1"
"312","OTU1051","Fungal_Taxa","Spizellomycetales_gen_Incertae_sedis;OTU1051","Large Module 1"
"313","OTU1054","Fungal_Taxa","Spizellomycetales_gen_Incertae_sedis;OTU1054","Large Module 1"
"314","OTU1060","Fungal_Taxa","Pyrenochaeta;OTU1060","Large Module 2"
"315","OTU1079","Fungal_Taxa","Psathyrella;OTU1079","Large Module 2"
"316","OTU1089","Fungal_Taxa","Agaricales_gen_Incertae_sedis;OTU1089","Large Module 1"
"317","OTU1094","Fungal_Taxa","Conocybe;OTU1094","Large Module 1"
"318","OTU1100","Fungal_Taxa","Spizellomycetales_gen_Incertae_sedis;OTU1100","Large Module 1"
"319","OTU1117","Fungal_Taxa","Hyalorbilia;OTU1117","Large Module 2"
"320","OTU1118","Fungal_Taxa","Apiosporaceae_gen_Incertae_sedis;OTU1118","Large Module 1"
"321","OTU1120","Fungal_Taxa","Spiromyces;OTU1120","Large Module 2"
"322","OTU1128","Fungal_Taxa","Chrysosporium;OTU1128","Large Module 1"
"323","OTU1136","Fungal_Taxa","Olpidiaster;OTU1136","Large Module 1"
"324","OTU1150","Fungal_Taxa","Penicillium;OTU1150","Large Module 2"
"325","OTU1155","Fungal_Taxa","Leucoagaricus;OTU1155","Large Module 2"
"326","OTU1192","Fungal_Taxa","Apodus;OTU1192","Large Module 1"
"327","OTU1215","Fungal_Taxa","Udeniozyma;OTU1215","Large Module 2"
"328","OTU1242","Fungal_Taxa","Akenomyces;OTU1242","Large Module 2"
"329","OTU1279","Fungal_Taxa","Funneliformis;OTU1279","Large Module 1"
"330","OTU1291","Fungal_Taxa","Funneliformis;OTU1291","Large Module 1"
"331","OTU1304","Fungal_Taxa","Mortierella;OTU1304","Large Module 2"
"332","OTU1306","Fungal_Taxa","Ascomycota_gen_Incertae_sedis;OTU1306","Large Module 2"
"333","OTU1309","Fungal_Taxa","Marquandomyces;OTU1309","Large Module 2"
"334","OTU1310","Fungal_Taxa","Marquandomyces;OTU1310","Large Module 1"
"335","OTU1311","Fungal_Taxa","Ascomycota_gen_Incertae_sedis;OTU1311","Large Module 2"
"336","OTU1353","Fungal_Taxa","Ascomycota_gen_Incertae_sedis;OTU1353","Large Module 2"
"337","OTU1361","Fungal_Taxa","Kendrickiella;OTU1361","Large Module 1"
"338","OTU1363","Fungal_Taxa","Arachnomyces;OTU1363","Large Module 2"
"339","OTU1383","Fungal_Taxa","Alternaria;OTU1383","Large Module 2"
"340","OTU1388","Fungal_Taxa","Mortierella;OTU1388","Large Module 2"
"341","OTU1389","Fungal_Taxa","Mortierella;OTU1389","Large Module 2"
"342","OTU1427","Fungal_Taxa","Agaricomycetes_gen_Incertae_sedis;OTU1427","Large Module 2"
"343","OTU1440","Fungal_Taxa","Filobasidium;OTU1440","Large Module 2"
"344","OTU1443","Fungal_Taxa","Gaeumannomyces;OTU1443","Large Module 2"
"345","OTU1468","Fungal_Taxa","Microascus;OTU1468","Large Module 1"
"346","OTU1489","Fungal_Taxa","Cyphellophora;OTU1489","Large Module 1"
"347","OTU1515","Fungal_Taxa","Penicillium;OTU1515","Large Module 1"
"348","OTU1533","Fungal_Taxa","Trichoderma;OTU1533","Large Module 2"
"349","OTU1537","Fungal_Taxa","Trichoderma;OTU1537","Large Module 2"
"350","OTU1557","Fungal_Taxa","Cephalotrichum;OTU1557","Large Module 2"
"351","OTU1568","Fungal_Taxa","Fusarium;OTU1568","Large Module 2"
"352","OTU1584","Fungal_Taxa","Fusicolla;OTU1584","Large Module 2"
"353","OTU1585","Fungal_Taxa","Trichocladium;OTU1585","Large Module 2"
"354","OTU1588","Fungal_Taxa","Funneliformis;OTU1588","Large Module 1"
"355","OTU1593","Fungal_Taxa","Talaromyces;OTU1593","Large Module 2"
"356","OTU1594","Fungal_Taxa","Talaromyces;OTU1594","Large Module 1"
"357","ASV2846",NA,"Acidobacteriota_Blastocatellia_Pyrinomonadales_Pyrinomonadaceae_RB41_ASV2846","Large Module 1"
"358","ASV783","Bacterial_Taxa","Acidobacteriota_Vicinamibacteria_Vicinamibacterales_Vicinamibacteraceae_Unclassified_ASV783","Large Module 1"
"359","ASV902","Bacterial_Taxa","Acidobacteriota_Vicinamibacteria_Vicinamibacterales_Vicinamibacteraceae_Unclassified_ASV902","Large Module 1"
"360","ASV74","Bacterial_Taxa","Actinobacteriota_Acidimicrobiia_Microtrichales_Ilumatobacteraceae_Ilumatobacter_ASV74","Large Module 2"
"361","ASV110","Bacterial_Taxa","Actinobacteriota_Acidimicrobiia_Microtrichales_Ilumatobacteraceae_Unclassified_ASV110","Large Module 2"
"362","ASV1274","Bacterial_Taxa","Actinobacteriota_Acidimicrobiia_Microtrichales_Ilumatobacteraceae_Unclassified_ASV1274","Large Module 2"
"363","ASV233","Bacterial_Taxa","Actinobacteriota_Acidimicrobiia_Microtrichales_Ilumatobacteraceae_Unclassified_ASV233","Large Module 2"
"364","ASV316","Bacterial_Taxa","Actinobacteriota_Acidimicrobiia_Microtrichales_Ilumatobacteraceae_Unclassified_ASV316","Large Module 2"
"365","ASV206","Bacterial_Taxa","Actinobacteriota_Actinobacteria_Corynebacteriales_Nocardiaceae_Nocardia_ASV206","Large Module 2"
"366","ASV3487","Bacterial_Taxa","Actinobacteriota_Actinobacteria_Frankiales_Geodermatophilaceae_Unclassified_ASV3487","Large Module 2"
"367","ASV620","Bacterial_Taxa","Actinobacteriota_Actinobacteria_Micrococcales_Cellulomonadaceae_Cellulomonas_ASV620","Large Module 1"
"368","ASV3","Bacterial_Taxa","Actinobacteriota_Actinobacteria_Micrococcales_Microbacteriaceae_Agromyces_ASV3","Large Module 1"
"369","ASV338","Bacterial_Taxa","Actinobacteriota_Actinobacteria_Micrococcales_Microbacteriaceae_Microbacterium_ASV338","Large Module 1"
"370","ASV165","Bacterial_Taxa","Actinobacteriota_Actinobacteria_Micromonosporales_Micromonosporaceae_Catellatospora_ASV165","Large Module 2"
"371","ASV1319","Bacterial_Taxa","Actinobacteriota_Actinobacteria_Propionibacteriales_Nocardioidaceae_Actinopolymorpha_ASV1319","Large Module 2"
"372","ASV134","Bacterial_Taxa","Actinobacteriota_Actinobacteria_Propionibacteriales_Nocardioidaceae_Kribbella_ASV134","Large Module 2"
"373","ASV327","Bacterial_Taxa","Actinobacteriota_Actinobacteria_Propionibacteriales_Nocardioidaceae_Kribbella_ASV327","Large Module 2"
"374","ASV372","Bacterial_Taxa","Actinobacteriota_Actinobacteria_Propionibacteriales_Nocardioidaceae_Kribbella_ASV372","Large Module 2"
"375","ASV192","Bacterial_Taxa","Actinobacteriota_Actinobacteria_Propionibacteriales_Nocardioidaceae_Nocardioides_ASV192","Large Module 2"
"376","ASV252","Bacterial_Taxa","Actinobacteriota_Actinobacteria_Propionibacteriales_Nocardioidaceae_Nocardioides_ASV252","Large Module 2"
"377","ASV383","Bacterial_Taxa","Actinobacteriota_Actinobacteria_Propionibacteriales_Nocardioidaceae_Nocardioides_ASV383","Large Module 2"
"378","ASV475","Bacterial_Taxa","Actinobacteriota_Actinobacteria_Propionibacteriales_Nocardioidaceae_Nocardioides_ASV475","Large Module 2"
"379","ASV573","Bacterial_Taxa","Actinobacteriota_Actinobacteria_Propionibacteriales_Nocardioidaceae_Nocardioides_ASV573","Large Module 2"
"380","ASV25","Bacterial_Taxa","Actinobacteriota_Actinobacteria_Streptomycetales_Streptomycetaceae_Streptomyces_ASV25","Large Module 2"
"381","ASV27","Bacterial_Taxa","Actinobacteriota_Actinobacteria_Streptomycetales_Streptomycetaceae_Streptomyces_ASV27","Large Module 2"
"382","ASV58","Bacterial_Taxa","Actinobacteriota_Actinobacteria_Streptomycetales_Streptomycetaceae_Streptomyces_ASV58","Large Module 2"
"383","ASV78","Bacterial_Taxa","Actinobacteriota_Actinobacteria_Streptomycetales_Streptomycetaceae_Streptomyces_ASV78","Large Module 2"
"384","ASV149","Bacterial_Taxa","Actinobacteriota_Actinobacteria_Streptomycetales_Streptomycetaceae_Unclassified_ASV149","Large Module 2"
"385","ASV112","Bacterial_Taxa","Actinobacteriota_Rubrobacteria_Rubrobacterales_Rubrobacteriaceae_Rubrobacter_ASV112","Large Module 2"
"386","ASV155","Bacterial_Taxa","Actinobacteriota_Thermoleophilia_Gaiellales_Gaiellaceae_Gaiella_ASV155","Large Module 1"
"387","ASV329","Bacterial_Taxa","Actinobacteriota_Thermoleophilia_Gaiellales_Gaiellaceae_Gaiella_ASV329","Large Module 1"
"388","ASV556","Bacterial_Taxa","Actinobacteriota_Thermoleophilia_Gaiellales_Gaiellaceae_Gaiella_ASV556","Large Module 2"
"389","ASV571","Bacterial_Taxa","Actinobacteriota_Thermoleophilia_Gaiellales_Gaiellaceae_Gaiella_ASV571","Large Module 1"
"390","ASV531","Bacterial_Taxa","Actinobacteriota_Thermoleophilia_Solirubrobacterales_67-14_Unclassified_ASV531","Large Module 2"
"391","ASV1702","Bacterial_Taxa","Bacteroidota_Bacteroidia_Cytophagales_Microscillaceae_Ohtaekwangia_ASV1702","Large Module 1"
"392","ASV266","Bacterial_Taxa","Chloroflexi_Chloroflexia_Thermomicrobiales_AKYG1722_Unclassified_ASV266","Large Module 1"
"393","ASV964","Bacterial_Taxa","Chloroflexi_Chloroflexia_Thermomicrobiales_AKYG1722_Unclassified_ASV964","Large Module 1"
"394","ASV101","Bacterial_Taxa","Chloroflexi_Chloroflexia_Thermomicrobiales_JG30-KF-CM45_Unclassified_ASV101","Large Module 1"
"395","ASV1081","Bacterial_Taxa","Chloroflexi_Chloroflexia_Thermomicrobiales_JG30-KF-CM45_Unclassified_ASV1081","Large Module 1"
"396","ASV1772","Bacterial_Taxa","Chloroflexi_Chloroflexia_Thermomicrobiales_JG30-KF-CM45_Unclassified_ASV1772","Large Module 1"
"397","ASV187","Bacterial_Taxa","Chloroflexi_Chloroflexia_Thermomicrobiales_JG30-KF-CM45_Unclassified_ASV187","Large Module 1"
"398","ASV365","Bacterial_Taxa","Chloroflexi_Chloroflexia_Thermomicrobiales_JG30-KF-CM45_Unclassified_ASV365","Large Module 1"
"399","ASV38","Bacterial_Taxa","Chloroflexi_Chloroflexia_Thermomicrobiales_JG30-KF-CM45_Unclassified_ASV38","Large Module 1"
"400","ASV458","Bacterial_Taxa","Chloroflexi_Chloroflexia_Thermomicrobiales_JG30-KF-CM45_Unclassified_ASV458","Large Module 1"
"401","ASV611","Bacterial_Taxa","Chloroflexi_Chloroflexia_Thermomicrobiales_JG30-KF-CM45_Unclassified_ASV611","Large Module 1"
"402","ASV706","Bacterial_Taxa","Chloroflexi_Chloroflexia_Thermomicrobiales_JG30-KF-CM45_Unclassified_ASV706","Large Module 1"
"403","ASV873","Bacterial_Taxa","Chloroflexi_Chloroflexia_Thermomicrobiales_JG30-KF-CM45_Unclassified_ASV873","Large Module 1"
"404","ASV899","Bacterial_Taxa","Chloroflexi_Chloroflexia_Thermomicrobiales_JG30-KF-CM45_Unclassified_ASV899","Large Module 1"
"405","ASV82","Bacterial_Taxa","Firmicutes_Bacilli_Bacillales_Bacillaceae_Unclassified_ASV82","Large Module 2"
"406","ASV103","Bacterial_Taxa","Gemmatimonadota_Gemmatimonadetes_Gemmatimonadales_Gemmatimonadaceae_Unclassified_ASV103","Large Module 2"
"407","ASV126","Bacterial_Taxa","Gemmatimonadota_Gemmatimonadetes_Gemmatimonadales_Gemmatimonadaceae_Unclassified_ASV126","Large Module 2"
"408","ASV54","Bacterial_Taxa","Gemmatimonadota_Gemmatimonadetes_Gemmatimonadales_Gemmatimonadaceae_Unclassified_ASV54","Large Module 2"
"409","ASV434","Bacterial_Taxa","Proteobacteria_Alphaproteobacteria_Micropepsales_Micropepsaceae_Unclassified_ASV434","Large Module 1"
"410","ASV685","Bacterial_Taxa","Proteobacteria_Alphaproteobacteria_Rhizobiales_Rhizobiaceae_Neorhizobium_ASV685","Large Module 2"
"411","ASV34","Bacterial_Taxa","Proteobacteria_Alphaproteobacteria_Rhizobiales_Rhizobiaceae_Phyllobacterium_ASV34","Large Module 2"
"412","ASV137","Bacterial_Taxa","Proteobacteria_Alphaproteobacteria_Rhizobiales_Rhizobiaceae_Unclassified_ASV137","Large Module 2"
"413","ASV1005","Bacterial_Taxa","Proteobacteria_Alphaproteobacteria_Sphingomonadales_Sphingomonadaceae_Sphingomonas_ASV1005","Large Module 2"
"414","ASV460","Bacterial_Taxa","Proteobacteria_Alphaproteobacteria_Sphingomonadales_Sphingomonadaceae_Sphingomonas_ASV460","Large Module 2"
"415","ASV299","Bacterial_Taxa","Proteobacteria_Gammaproteobacteria_Burkholderiales_Burkholderiaceae_Ralstonia_ASV299","Large Module 1"
"416","ASV987","Bacterial_Taxa","Proteobacteria_Gammaproteobacteria_Burkholderiales_Comamonadaceae_Ramlibacter_ASV987","Large Module 2"
"417","ASV839","Bacterial_Taxa","Proteobacteria_Gammaproteobacteria_Xanthomonadales_Xanthomonadaceae_Lysobacter_ASV839","Large Module 2"
"418","ASV1997","Bacterial_Taxa","Verrucomicrobiota_Verrucomicrobiae_Verrucomicrobiales_Rubritaleaceae_Luteolibacter_ASV1997","Large Module 2"
"419","ASV3626","Bacterial_Taxa","Verrucomicrobiota_Verrucomicrobiae_Verrucomicrobiales_Rubritaleaceae_Luteolibacter_ASV3626","Large Module 2"
"420","ASV387","Bacterial_Taxa","Acidobacteriota_Vicinamibacteria_Vicinamibacterales_Vicinamibacteraceae_Unclassified_ASV387","Large Module 1"
"421","ASV228","Bacterial_Taxa","Actinobacteriota_Actinobacteria_Micrococcales_Microbacteriaceae_Microbacterium_ASV228","Large Module 2"
"422","ASV18","Bacterial_Taxa","Actinobacteriota_Actinobacteria_Micrococcales_Micrococcaceae_Pseudarthrobacter_ASV18","Large Module 2"
"423","ASV2","Bacterial_Taxa","Actinobacteriota_Actinobacteria_Micrococcales_Micrococcaceae_Pseudarthrobacter_ASV2","Large Module 2"
"424","ASV5","Bacterial_Taxa","Actinobacteriota_Actinobacteria_Micrococcales_Micrococcaceae_Pseudarthrobacter_ASV5","Large Module 2"
"425","ASV24","Bacterial_Taxa","Actinobacteriota_Actinobacteria_Micrococcales_Micrococcaceae_Unclassified_ASV24","Large Module 2"
"426","ASV170","Bacterial_Taxa","Actinobacteriota_Actinobacteria_Propionibacteriales_Nocardioidaceae_Nocardioides_ASV170","Large Module 2"
"427","ASV2094","Bacterial_Taxa","Actinobacteriota_Actinobacteria_Propionibacteriales_Nocardioidaceae_Nocardioides_ASV2094","Large Module 1"
"428","ASV3416","Bacterial_Taxa","Actinobacteriota_Actinobacteria_Pseudonocardiales_Pseudonocardiaceae_Actinophytocola_ASV3416","Large Module 1"
"429","ASV131","Bacterial_Taxa","Actinobacteriota_Actinobacteria_Streptomycetales_Streptomycetaceae_Streptomyces_ASV131","Large Module 2"
"430","ASV53","Bacterial_Taxa","Actinobacteriota_Actinobacteria_Streptomycetales_Streptomycetaceae_Streptomyces_ASV53","Large Module 2"
"431","ASV1824","Bacterial_Taxa","Actinobacteriota_Thermoleophilia_Solirubrobacterales_67-14_Unclassified_ASV1824","Large Module 2"
"432","ASV237","Bacterial_Taxa","Actinobacteriota_Thermoleophilia_Solirubrobacterales_67-14_Unclassified_ASV237","Large Module 2"
"433","ASV264","Bacterial_Taxa","Actinobacteriota_Thermoleophilia_Solirubrobacterales_67-14_Unclassified_ASV264","Large Module 2"
"434","ASV49","Bacterial_Taxa","Actinobacteriota_Thermoleophilia_Solirubrobacterales_67-14_Unclassified_ASV49","Large Module 2"
"435","ASV472","Bacterial_Taxa","Actinobacteriota_Thermoleophilia_Solirubrobacterales_Solirubrobacteraceae_Conexibacter_ASV472","Large Module 2"
"436","ASV2951","Bacterial_Taxa","Actinobacteriota_Thermoleophilia_Solirubrobacterales_Solirubrobacteraceae_Solirubrobacter_ASV2951","Large Module 2"
"437","ASV4027","Bacterial_Taxa","Actinobacteriota_Thermoleophilia_Solirubrobacterales_Solirubrobacteraceae_Unclassified_ASV4027","Large Module 2"
"438","ASV5688","Bacterial_Taxa","Bacteroidota_Bacteroidia_Chitinophagales_Chitinophagaceae_Flaviaesturariibacter_ASV5688","Large Module 1"
"439","ASV4530","Bacterial_Taxa","Bacteroidota_Bacteroidia_Chitinophagales_Chitinophagaceae_Niastella_ASV4530","Large Module 1"
"440","ASV20","Bacterial_Taxa","Firmicutes_Bacilli_Bacillales_Bacillaceae_Bacillus_ASV20","Large Module 1"
"441","ASV1729","Bacterial_Taxa","Firmicutes_Bacilli_Paenibacillales_Paenibacillaceae_Paenibacillus_ASV1729","Large Module 1"
"442","ASV4320","Bacterial_Taxa","Gemmatimonadota_Gemmatimonadetes_Gemmatimonadales_Gemmatimonadaceae_Gemmatimonas_ASV4320","Large Module 1"
"443","ASV3115","Bacterial_Taxa","Myxococcota_Myxococcia_Myxococcales_Myxococcaceae_Unclassified_ASV3115","Large Module 1"
"444","ASV216","Bacterial_Taxa","Proteobacteria_Alphaproteobacteria_Rhizobiales_Beijerinckiaceae_Microvirga_ASV216","Large Module 2"
"445","ASV240","Bacterial_Taxa","Proteobacteria_Alphaproteobacteria_Rhizobiales_Beijerinckiaceae_Microvirga_ASV240","Large Module 2"
"446","ASV48","Bacterial_Taxa","Proteobacteria_Alphaproteobacteria_Rhizobiales_Beijerinckiaceae_Microvirga_ASV48","Large Module 2"
"447","ASV51","Bacterial_Taxa","Proteobacteria_Alphaproteobacteria_Rhizobiales_Beijerinckiaceae_Microvirga_ASV51","Large Module 2"
"448","ASV360","Bacterial_Taxa","Proteobacteria_Alphaproteobacteria_Rhizobiales_Beijerinckiaceae_Psychroglaciecola_ASV360","Large Module 2"
"449","ASV315","Bacterial_Taxa","Proteobacteria_Alphaproteobacteria_Rhizobiales_Beijerinckiaceae_Unclassified_ASV315","Large Module 1"
"450","ASV256","Bacterial_Taxa","Proteobacteria_Alphaproteobacteria_Rhizobiales_Methyloligellaceae_Unclassified_ASV256","Large Module 2"
"451","ASV514","Bacterial_Taxa","Proteobacteria_Alphaproteobacteria_Rhizobiales_Rhizobiaceae_Unclassified_ASV514","Large Module 2"
"452","ASV140","Bacterial_Taxa","Proteobacteria_Alphaproteobacteria_Sphingomonadales_Sphingomonadaceae_Sphingomonas_ASV140","Large Module 2"
"453","ASV157","Bacterial_Taxa","Proteobacteria_Alphaproteobacteria_Sphingomonadales_Sphingomonadaceae_Sphingomonas_ASV157","Large Module 2"
"454","ASV214","Bacterial_Taxa","Proteobacteria_Alphaproteobacteria_Sphingomonadales_Sphingomonadaceae_Sphingomonas_ASV214","Large Module 2"
"455","ASV56","Bacterial_Taxa","Proteobacteria_Alphaproteobacteria_Sphingomonadales_Sphingomonadaceae_Sphingomonas_ASV56","Large Module 2"
"456","ASV1659","Bacterial_Taxa","Proteobacteria_Gammaproteobacteria_Burkholderiales_Comamonadaceae_Ramlibacter_ASV1659","Large Module 1"
"457","ASV1406","Bacterial_Taxa","Proteobacteria_Gammaproteobacteria_Burkholderiales_Comamonadaceae_Rhizobacter_ASV1406","Large Module 1"
"458","ASV2584","Bacterial_Taxa","Proteobacteria_Gammaproteobacteria_Burkholderiales_Comamonadaceae_Unclassified_ASV2584","Large Module 1"
"459","ASV894","Bacterial_Taxa","Proteobacteria_Gammaproteobacteria_Burkholderiales_Comamonadaceae_Variovorax_ASV894","Large Module 2"
"460","ASV3221","Bacterial_Taxa","Proteobacteria_Gammaproteobacteria_Burkholderiales_Nitrosomonadaceae_Ellin6067_ASV3221","Large Module 1"
"461","ASV350","Bacterial_Taxa","Proteobacteria_Gammaproteobacteria_Burkholderiales_Nitrosomonadaceae_Ellin6067_ASV350","Large Module 1"
"462","ASV3687","Bacterial_Taxa","Proteobacteria_Gammaproteobacteria_Burkholderiales_Oxalobacteraceae_Unclassified_ASV3687","Large Module 1"
"463","ASV1129","Bacterial_Taxa","Proteobacteria_Gammaproteobacteria_Burkholderiales_SC-I-84_Unclassified_ASV1129","Large Module 2"
"464","ASV1083","Bacterial_Taxa","Proteobacteria_Gammaproteobacteria_Pseudomonadales_Pseudomonadaceae_Pseudomonas_ASV1083","Large Module 2"
"465","ASV448","Bacterial_Taxa","Proteobacteria_Gammaproteobacteria_Xanthomonadales_Rhodanobacteraceae_Unclassified_ASV448","Large Module 2"
"466","Ca","Nutrients",NA,"Large Module 1"
"467","Fe","Nutrients",NA,"Large Module 1"
"468","Ctotal","Nutrients",NA,"Large Module 1"
"469","Plant-Growth","Plant-Growth",NA,"Large Module 1"
"470","dhbF_glyine___[glycyl_carrier_protein]_ligase_[EC:6.2.1.66]","Functional Genes (Metagenome)",NA,"Large Module 1"
"471","fenD_fengycin","Functional Genes (Metagenome)",NA,"Large Module 1"
"472","ituA_mycA_bmyA_iturin_family_lipopeptide_synthetase_A","Functional Genes (Metagenome)",NA,"Large Module 1"
"473","ituB_mycB_bmyB_iturin_family_lipopeptide_synthetase_B","Functional Genes (Metagenome)",NA,"Large Module 1"
"474","ituC_mycC_bmyC_iturin_family_lipopeptide_synthetase_C","Functional Genes (Metagenome)",NA,"Large Module 1"
"475","entF_L_serine___[L_seryl_carrier_protein]_ligase_[EC:6.3.2.14_6.2.1.72]","Functional Genes (Metagenome)",NA,"Large Module 1"
"476","ofaC_arfC_arthrofactin_type_cyclic_lipopeptide_synthetase_C","Functional Genes (Metagenome)",NA,"Large Module 1"
"477","ofaB_arfB_arthrofactin_type_cyclic_lipopeptide_synthetase_B","Functional Genes (Metagenome)",NA,"Large Module 1"
"478","Surfactin_srfAA","Functional Genes (Metagenome)",NA,"Large Module 1"
"479","ofaA_arfA_arthrofactin_type_cyclic_lipopeptide_synthetase_A","Functional Genes (Metagenome)",NA,"Large Module 1"
"480","Surfactin_srfAB","Functional Genes (Metagenome)",NA,"Large Module 1"
"481","ZmNAS3","Plant Genes (Expression levels)",NA,"Large Module 1"
"482","two_component_system_OmpR_family_response_regulator_QseB","Functional Genes (Metagenome)",NA,"Large Module 1"
"483","Surfactin_srfAD","Functional Genes (Metagenome)",NA,"Large Module 1"
"484","Surfactin_srfAC","Functional Genes (Metagenome)",NA,"Large Module 1"
"485","bphB_cis_2,3_dihydrobiphenyl_2,3_diol_dehydrogenase_[EC:1.3.1.56]","Functional Genes (Metagenome)",NA,"Large Module 1"
"486","Mn","Nutrients",NA,"Large Module 1"
"487","mbtE_mycobactin_peptide_synthetase_MbtE","Functional Genes (Metagenome)",NA,"Large Module 1"
"488","CK","Shoot-Hormones",NA,"Large Module 1"
"489","TRP1_anthranilate_synthase/indole_3_glycerol_phosphate_synthase/phosphoribosylanthranilate_isomerase_[EC:4.1.3.27_4.1.1.48_5.3.1.24]","Functional Genes (Metagenome)",NA,"Large Module 1"
"490","GA","Shoot-Hormones",NA,"Large Module 1"
"491","malic_acid","Metabolites-RW",NA,"Large Module 1"
"492","IAA","Shoot-Hormones",NA,"Large Module 1"
"493","citric_acid","Metabolites-RW",NA,"Large Module 1"
"494","fumaric_acid","Metabolites-RW",NA,"Large Module 1"
"495","succinic_acid","Metabolites-RW",NA,"Large Module 1"
"496","cis_aconitic_acid","Metabolites-RW",NA,"Large Module 1"
"497","trans_aconitic_acid","Metabolites-RW",NA,"Large Module 1"
"498","Tryptophan","Metabolites-RW",NA,"Large Module 1"
"499","Asparagin","Metabolites-RW",NA,"Large Module 1"
"500","Serin","Metabolites-RW",NA,"Large Module 1"
"501","Glutamine","Metabolites-RW",NA,"Large Module 1"
"502","Glycin","Metabolites-RW",NA,"Large Module 1"
"503","Trehalose","Metabolites-RW",NA,"Large Module 1"
"504","Glucose","Metabolites-RW",NA,"Large Module 1"
"505","MBOA","Metabolites-RW",NA,"Large Module 1"
"506","Root-CK","Root-Hormones",NA,"Large Module 1"
"507","Root-IAA","Root-Hormones",NA,"Large Module 1"
"508","Root-JA","Root-Hormones",NA,"Large Module 1"
"509","Benzoic_acid","Metabolites-RW",NA,"Large Module 1"
"510","Root-SA","Root-Hormones",NA,"Large Module 1"
"511","ascorbate_peroxidase_activity","Stress-Factors",NA,"Large Module 1"
"512","SOD","Stress-Factors",NA,"Large Module 1"
"513","potA_spermidine_putrescine_transport_system_ATP_binding_protein","Functional Genes (Metagenome)",NA,"Large Module 1"
"514","benzoxazin","Metabolites-RW",NA,"Large Module 1"
"515","benzoxazin4","Metabolites-RW",NA,"Large Module 1"
"516","Quercetin_Naringenin","Metabolites-RW",NA,"Large Module 1"
"517","Glycine_betaine","Stress-Factors",NA,"Large Module 1"
"518","total_antioxidants","Stress-Factors",NA,"Large Module 1"
"519","ZmPR1","Plant Genes (Expression levels)",NA,"Large Module 2"
"520","ZmPR4","Plant Genes (Expression levels)",NA,"Large Module 2"
"521","ZmACS6","Plant Genes (Expression levels)",NA,"Large Module 2"
"522","ZmDef1","Plant Genes (Expression levels)",NA,"Large Module 2"
"523","ZmDef2","Plant Genes (Expression levels)",NA,"Large Module 2"
"524","ZmWRKY17","Plant Genes (Expression levels)",NA,"Large Module 2"
"525","ZmWRKY33","Plant Genes (Expression levels)",NA,"Large Module 2"
"526","ZmMPK3","Plant Genes (Expression levels)",NA,"Large Module 2"
"527","ZmWRKY58","Plant Genes (Expression levels)",NA,"Large Module 2"
"528","ZmERF1","Plant Genes (Expression levels)",NA,"Large Module 2"
"529","ZmEREB58","Plant Genes (Expression levels)",NA,"Large Module 2"
"530","ZmIRTa","Plant Genes (Expression levels)",NA,"Large Module 2"
"531","NR1","Plant Genes (Expression levels)",NA,"Large Module 2"
"532","NAR2.2","Plant Genes (Expression levels)",NA,"Large Module 2"
"533","ZmMYB30","Plant Genes (Expression levels)",NA,"Large Module 2"
"534","ZmMYB36","Plant Genes (Expression levels)",NA,"Large Module 2"
"535","ZmWRKY106","Plant Genes (Expression levels)",NA,"Large Module 2"
"536","ZmMYB95","Plant Genes (Expression levels)",NA,"Large Module 2"
"537","ZmPht3","Plant Genes (Expression levels)",NA,"Large Module 2"
"538","ZmPht4","Plant Genes (Expression levels)",NA,"Large Module 2"
"539","potD_spermidine_putrescine_transport_system_substrate_binding_protein","Functional Genes (Metagenome)",NA,"Large Module 2"
"540","4,5_dihydroxyphthalate_decarboxylase_[EC:4.1.1.55]","Functional Genes (Metagenome)",NA,"Large Module 2"
"541","ZmPht8","Plant Genes (Expression levels)",NA,"Large Module 2"
"542","ABA","Shoot-Hormones",NA,"Large Module 2"
"543","JA","Shoot-Hormones",NA,"Large Module 2"
"544","mbtF_mycobactin_peptide_synthetase_MbtF","Functional Genes (Metagenome)",NA,"Large Module 2"
"545","rbsB_ribose_transport_system_substrate_binding_protein_quorumSensing","Functional Genes (Metagenome)",NA,"Large Module 2"
"546","H2O2","Stress-Factors",NA,"Large Module 2"
